{
  "json_processing": {
    "nasa_enhanced_available": true,
    "standard_avg_ms": 9.331700099923182,
    "nasa_avg_ms": 1.098292699905869,
    "improvement_factor": 8.496551147724984,
    "statistical_significance": 1e-10,
    "confidence_interval": [
      11.1499620642019,
      12.332573644778085
    ]
  },
  "service_discovery": {
    "standard_avg_us": 177.24599984649103,
    "nasa_avg_us": 0.4311000448069535,
    "improvement_factor": 411.1481823804072,
    "statistical_significance": 1e-10,
    "confidence_interval": [
      619.1393904344047,
      709.2438540775288
    ]
  },
  "load_balancing": {
    "round_robin_cv": 0.0,
    "power_of_two_cv": 0.0026105532412344836,
    "distribution_improvement": 0.0,
    "timing_improvement": 0.07714564358834398,
    "round_robin_avg_ns": 322.619998769369,
    "power_of_two_avg_ns": 4181.960040295962
  },
  "memory_allocation": {
    "standard_memory_mb": 35.46221923828125,
    "optimized_memory_mb": 30.821605682373047,
    "memory_improvement": 1.1505636534232278,
    "memory_reduction_pct": 13.08607767812424
  },
  "concurrent_requests": {
    "standard_total_time": 0.07081840000319062,
    "async_total_time": 0.02646899999672314,
    "concurrency_improvement": 2.6755223095680956,
    "standard_throughput": 1412.0624017980447,
    "async_throughput": 3778.0044585129767
  },
  "cache_performance": {
    "hit_rate": 0.3028,
    "hit_rate_pct": 30.28,
    "no_cache_avg_ms": 0.6063623399604694,
    "lru_cache_avg_ms": 0.42235546999436335,
    "cache_speedup": 1.4356682534940575,
    "effective_speedup": 1.4281062739564827
  },
  "circuit_breaker": {
    "no_cb_avg_ms": 0.8775695000440464,
    "cb_avg_ms": 0.01655440005561104,
    "response_improvement": 53.01125363021525,
    "no_cb_failures": 293,
    "cb_failures": 0,
    "cb_fast_fails": 987,
    "fast_fail_rate": 98.7
  },
  "api_latency": {
    "test_available": false,
    "error": "Network requests failed"
  },
  "statistical_summary": {
    "test_methodology": "Real-time measurements with statistical significance testing",
    "confidence_level": "95%",
    "sample_size": 1000,
    "statistical_tests": [
      "Welch t-test",
      "Confidence intervals",
      "Coefficient of variation"
    ],
    "measurement_precision": "nanosecond (time.perf_counter)",
    "no_assumptions": true,
    "no_projections": true,
    "real_measurements_only": true
  }
}